acl_id,defense,corporate,research agency,foundation,none
P18-2021,0.0,3.128162811005808e-07,0.0,1.9361263126072004e-07,0.995389358193364
W11-0411,0.0,0.0,1.0,0.0,0.0
W09-1314,0.0,0.0,0.9999633307373339,0.9284073432848354,3.128162811005808e-07
W06-1613,0.0,0.0,1.0,0.0,0.0
W16-0103,0.0,0.0,1.0,0.0,0.0
2020.acl-main.673,0.0,0.0,0.0,7.896306882804183e-07,1.0
1995.tmi-1.12,0.0,9.088342269869543e-07,0.0,4.320199066265573e-07,1.0
U16-1004,0.0,0.0,0.0,1.9361263126072004e-07,0.9999998063873687
J16-3003,0.0,0.0,0.0,0.0,1.0
L18-1684,0.0,0.0,1.9361263126072004e-07,0.0,1.0
W12-4903,0.0,0.0,0.0,0.0,0.9993728249265579
E12-1007,0.0,0.0,1.0,5.51223498068687e-07,1.9361263126072004e-07
W01-0814,0.0,0.0,0.0,1.9361263126072004e-07,1.0
W98-1101,0.9859811689400129,0.0,0.7310569026934564,1.0280378716087668e-06,0.0
W15-3804,1.0,0.0,1.0,9.088342269869543e-07,0.0
W11-0145,0.0,0.0,1.9361263126072004e-07,0.0,1.0
P18-2125,0.0,0.0,1.9361263126072004e-07,3.128162811005808e-07,1.0
W14-1608,0.0,0.0,1.9361263126072004e-07,1.9361263126072004e-07,1.0
P12-1094,0.0,1.0,1.0,0.0,0.0
I08-2079,0.0,0.0,1.0,0.0,0.0
2010.amta-papers.17,0.0,0.0,0.9999998063873687,1.0,0.0
2010.jec-1.5,0.0,0.0,1.9361263126072004e-07,3.128162811005808e-07,0.995796783943677
W06-0805,0.0,0.0,1.9361263126072004e-07,0.0,1.0
2021.naacl-main.61,1.0,1.0,0.0,0.0,0.0
W16-6307,0.0,0.0,1.0,0.0,0.0
2021.findings-acl.392,0.0,0.0,1.0,1.0,0.0
2020.inlg-1.23,0.0,0.0,0.0,0.0,0.999703669534548
P17-1035,0.0,0.0,0.0,4.320199066265573e-07,1.0
2020.wanlp-1.10,0.0,0.0,0.0,0.0,1.0
W19-2511,0.0,0.0,1.9361263126072004e-07,0.0,1.0
2021.ranlp-srw.15,0.0,0.0,1.9361263126072004e-07,5.51223498068687e-07,1.0
2020.findings-emnlp.14,0.0,0.0,0.0,0.0,1.0
W10-4161,0.0,0.0,1.0,0.0,0.0
P17-4020,0.0,0.0,0.0,0.0,0.9982443748160126
2021.ranlp-1.63,0.0,0.0,1.0,1.9361263126072004e-07,1.9361263126072004e-07
O04-1032,0.0,0.0,6.704270752999619e-07,4.320199066265573e-07,1.0
D18-1140,0.0,0.0,1.9361263126072004e-07,3.128162811005808e-07,1.0
L18-1313,0.0,0.0,1.0,0.0,0.0
2021.findings-acl.351,1.0,0.0,1.9361263126072004e-07,0.0,0.0
2021.cnl-1.2,1.9361263126072004e-07,0.0,0.0,0.0,1.0
W04-0860,0.0,0.0,1.0,3.128162811005808e-07,3.128162811005808e-07
L16-1126,0.0,0.0,1.0,3.128162811005808e-07,0.0
2021.emnlp-main.568,0.0,0.0,4.127324782610131e-06,0.0,1.0
E14-1030,0.0,0.0,0.0,0.0,1.0
W06-0612,0.0,0.0,0.0,0.0,1.0
C10-2107,0.0,0.0,1.0,0.0,0.0
2022.acl-long.562,0.0,0.0,3.128162811005808e-07,1.9361263126072004e-07,1.0
W18-6108,0.0,0.0,0.0,3.128162811005808e-07,1.0
2020.lrec-1.575,0.0,0.0,0.0,3.128162811005808e-07,1.0
2021.emnlp-main.641,0.0,0.0,0.0,6.704270752999619e-07,1.0
C08-1054,0.0,0.0,1.9361263126072004e-07,1.9361263126072004e-07,1.0
S18-1153,0.0,0.0,1.0,4.320199066265573e-07,0.0
2021.acl-long.230,0.0,0.0,0.0,3.128162811005808e-07,1.0
S19-2108,1.9361263126072004e-07,0.0,1.0,0.0,0.0
L18-1352,1.9361263126072004e-07,0.0,0.99999861435166,1.0,0.0
W05-0610,0.0,1.9361263126072004e-07,1.0,0.0,0.0
L18-1702,0.0,0.0,0.0,0.0,1.0
2022.eamt-1.20,0.0,0.0,1.0,0.0,3.128162811005808e-07
D10-1006,0.0,0.0,0.0,0.0,0.9997203495794703
2021.germeval-1.1,0.0,0.0,1.0,1.9361263126072004e-07,0.0
W12-4305,0.0,0.0,1.0,1.0,0.0
2022.wassa-1.10,0.0,0.0,1.0,0.0,0.0
J04-3002,1.9361263126072004e-07,0.0,1.9361263126072004e-07,1.9361263126072004e-07,0.9998145957494927
W18-0910,0.0,0.0,1.0,0.0,0.0
2020.lrec-1.105,0.0,0.0,1.9361263126072004e-07,5.51223498068687e-07,1.0
W19-5935,0.0,1.0,0.0,0.0,0.0
W14-4914,0.0,0.0,0.9999989719621284,0.0,0.0
S19-2190,0.0,0.0,1.9361263126072004e-07,0.0,1.0
P06-1098,0.0,0.0,0.0,0.0,0.9999146986083706
P15-1123,0.0,1.0,1.0,1.9361263126072004e-07,4.320199066265573e-07
2020.lrec-1.851,0.0,0.0,1.0,0.0,0.0
E03-1004,0.0,0.0,0.0,0.0,0.9987541178563896
L18-1722,0.0,0.0,0.9999996871837189,7.896306882804183e-07,0.0
S14-2124,0.0,0.0,1.0,1.9361263126072004e-07,3.128162811005808e-07
R13-1045,0.0,0.0,1.9361263126072004e-07,1.9361263126072004e-07,1.0
P12-2067,1.9361263126072004e-07,1.0,1.0,0.0,1.9361263126072004e-07
2021.wmt-1.63,0.0,0.0,1.0,0.0,0.0
2022.bionlp-1.36,0.0,0.0,0.0,7.896306882804183e-07,1.0
C10-2166,0.0,0.0,0.0,0.0,0.9883096573194625
2021.semeval-1.28,0.0,0.0,1.9361263126072004e-07,0.0,1.0
C16-1213,0.0,0.0,1.0,1.1472413419255645e-06,4.320199066265573e-07
2004.eamt-1.3,0.0,0.0,0.0,1.9361263126072004e-07,1.0
W13-2243,0.0,0.0,1.0,0.0,0.0
W14-4810,0.0,0.0,1.0,0.0,0.0
2011.eamt-1.19,0.0,0.0,1.0,0.0,0.0
P12-1098,0.0,0.0,0.0,1.9361263126072004e-07,1.0
W09-1119,0.0,0.0,0.0,1.9361263126072004e-07,0.9998412891059067
2020.lrec-1.168,0.0,0.0,1.0,0.0,0.0
P17-2052,0.0,0.0,0.0,0.0,0.9997896871188553
W15-2809,0.0,0.0,0.0,3.128162811005808e-07,0.9995114272905351
L16-1038,0.0,0.0,0.0,4.320199066265573e-07,0.9971987014796481
W13-2003,0.0,0.0,1.9361263126072004e-07,1.9361263126072004e-07,0.9999996871837189
P87-1027,0.0,0.0,1.0,0.0,4.320199066265573e-07
2020.latechclfl-1.2,0.0,0.0,1.0,0.0,3.128162811005808e-07
E12-1031,0.0,0.0,0.0,5.51223498068687e-07,1.0
2021.emnlp-main.175,0.0,1.0,0.0,4.320199066265573e-07,0.0
N15-1147,0.0,0.0,1.9361263126072004e-07,0.0,1.0
W12-2418,0.0,0.0,1.0,0.0,0.0
2020.acl-main.491,1.0,0.9999998063873687,1.0,0.0,0.0
P15-2109,0.0,0.0,0.0,2.1008691931667656e-06,1.0
2020.lrec-1.241,0.0,0.0,0.0,1.9361263126072004e-07,0.9996424335421287
2020.lincr-1.5,1.9361263126072004e-07,0.0,1.9361263126072004e-07,0.0,1.0
W17-1503,0.0,0.0,1.0,1.9361263126072004e-07,0.0
2020.wac-1.2,0.0,0.0,0.0,5.51223498068687e-07,1.0
N09-1056,0.0,0.0,3.128162811005808e-07,1.9361263126072004e-07,1.0
P97-1034,0.0,0.0,1.9361263126072004e-07,1.9361263126072004e-07,1.0
W99-0106,0.0,0.0,0.0,1.9361263126072004e-07,0.9999905085465441
N09-2046,0.0,0.0,5.371461731829008e-05,1.9361263126072004e-07,0.9962924400358634
W17-7204,0.0,0.0,0.0,1.9361263126072004e-07,1.0
W06-0608,0.0,0.0,1.9361263126072004e-07,0.0,1.0
P19-1373,0.0,0.0,1.9361263126072004e-07,1.9361263126072004e-07,1.0
D13-1008,0.0,0.0,1.0,0.0,4.320199066265573e-07
W13-3716,0.0,0.0,0.0,0.0,1.0
D19-6115,3.128162811005808e-07,0.0,0.0,0.0,0.9999269756164101
L16-1429,0.0,0.0,1.9361263126072004e-07,0.0,1.0
Q18-1022,1.9361263126072004e-07,0.0,1.9361263126072004e-07,1.9361263126072004e-07,1.0
D18-1224,0.0,0.0,1.0,0.0,0.0
N19-1287,0.0,0.0,0.0,4.320199066265573e-07,1.0
W08-1113,0.0,0.0,1.0,0.0,0.0
P08-2045,3.128162811005808e-07,0.0,1.3901937367166717e-05,6.704270752999619e-07,0.9553186397147541
D16-1103,0.0,1.0,1.0,0.0,0.0
W10-2105,0.0,0.0,0.0,9.088342269869543e-07,1.0
Y09-2002,0.0,0.0,0.0,0.0,1.0
2022.naacl-srw.33,0.0,0.0,0.0,3.128162811005808e-07,0.9965103332895107
S15-1016,0.0,0.0,1.0,0.0,1.9361263126072004e-07
W13-5103,0.0,0.0,0.0,4.320199066265573e-07,1.0
2021.splurobonlp-1.5,1.0,0.0,0.9999995679800934,0.0,0.0
J13-1007,0.0,0.0,0.0,0.0,0.9999984951481323
W17-6511,0.0,0.0,1.9361263126072004e-07,5.51223498068687e-07,0.9988656660436974
2022.acl-long.240,1.0,0.0,0.0,0.0,0.0
2021.emnlp-main.476,0.0,0.0,1.0,1.0,1.9361263126072004e-07
2020.acl-main.468,0.0,0.0,0.0,0.0,0.9999620195462757
N15-1150,0.0,0.0,1.9361263126072004e-07,0.0,1.0
2021.emnlp-main.532,1.0,1.0,1.0,0.0,0.0
N15-1015,0.0,0.0,1.9361263126072004e-07,0.0,1.0
E06-2020,0.0,1.0,0.0,0.0,0.0
L16-1490,0.0,0.0,1.0,0.0,0.0
W07-1012,0.0,0.0,0.0,0.0,0.9984010772412079
W04-0206,0.0,0.0,1.9361263126072004e-07,1.9361263126072004e-07,1.0
P82-1029,0.0,0.0,1.0,1.9361263126072004e-07,0.0
2021.ranlp-1.97,0.0,0.0,0.0,1.9361263126072004e-07,1.0
L18-1563,0.0,0.0,5.51223498068687e-07,0.0,1.0
W17-4604,0.0,0.0,0.0,3.128162811005808e-07,0.9999993295729247
C16-1013,0.0,0.0,1.0,0.0,0.0
P13-2105,0.0,0.0,1.0,4.723340845003143e-06,0.0
D18-1360,1.0,1.0,1.0,0.0,0.0
P17-1147,1.0,1.0,1.9361263126072004e-07,1.0,0.0
C12-1041,0.0,0.0,1.0,1.9361263126072004e-07,1.9361263126072004e-07
S16-2005,0.0,0.0,1.0,4.320199066265573e-07,1.9361263126072004e-07
2020.aacl-demo.3,0.0,0.98716488772802,0.0,1.981665536443522e-06,1.9361263126072004e-07
N12-1045,0.0,0.0,1.0,0.0,0.0
2022.semeval-1.38,0.0,0.0,1.9361263126072004e-07,0.0,0.9999499805090164
2009.eamt-1.25,0.0,0.0,1.0,0.0,0.0
S16-1003,0.0,0.0,1.0,0.0,0.0
N13-1018,0.0,0.0,1.0,0.0,0.0
E17-1091,0.0,0.0,0.0,0.0,1.0
W10-4357,0.0,0.0,1.0,0.0,0.0
2021.acl-long.339,0.0,0.0,1.0,0.0,0.0
W14-1107,0.0,0.0,0.0,6.704270752999619e-07,1.0
W14-5514,0.0,0.0,0.0,3.128162811005808e-07,1.0
2020.acl-main.351,0.0,0.0,1.0,0.0,0.0
D16-1143,0.0,0.0,1.9361263126072004e-07,0.0,1.0
Q15-1039,1.0,0.0,6.8689944083821786e-06,0.0,0.0
2020.coling-main.88,0.0,0.0,1.0,0.0,0.0
J99-4003,1.0,0.9999993295729247,1.0,0.0,0.0
P07-2040,0.0,0.0,0.0,5.51223498068687e-07,1.0
W09-3719,0.0,0.0,1.0,0.0,1.9361263126072004e-07
2020.lrec-1.240,0.0,0.0,1.9361263126072004e-07,1.9361263126072004e-07,1.0
P07-1007,0.0,0.0,1.9361263126072004e-07,3.128162811005808e-07,1.0
N15-1003,0.0,0.0,1.0,0.0,0.0
W14-5810,0.0,0.0,1.0,0.0,0.0
W07-1004,0.0,0.0,0.0,0.0,1.0
P19-1276,0.0,0.0,0.0,9.088342269869543e-07,1.0
P13-2095,0.0,0.0,0.0,0.0,1.0
N07-2032,0.0,0.0,0.0,0.0,1.0
2020.signlang-1.26,0.0,0.0,1.0,0.0,5.51223498068687e-07
2020.wmt-1.41,0.0,0.0,1.0,0.0,0.0
W01-1208,0.0,0.0,1.9361263126072004e-07,0.0,1.0
W04-0816,0.0,0.0,1.0,0.0,0.0
2021.motra-1.9,1.9361263126072004e-07,0.0,0.0,1.9361263126072004e-07,0.9965143504300632
P19-1173,0.0,0.0,0.0,1.1472413419255645e-06,0.9955280439066361
W13-4050,0.0,0.0,1.0,0.0,0.0
P06-1060,0.0,0.0,0.0,0.0,0.9986696948414435
2020.lrec-1.145,0.0,0.0,0.0,0.0,0.9998142382258554
S16-1081,1.0,0.0,1.0,3.128162811005808e-07,1.9361263126072004e-07
P16-2022,0.0,0.0,1.0,0.0,1.9361263126072004e-07
L18-1373,0.0,0.0,1.0,0.0,0.0
W99-0306,0.0,0.0,0.0,0.0,0.9997035503698778
2021.wassa-1.18,0.0,0.0,1.0,0.0,0.0
W15-4636,0.0,0.0,1.0,0.0,0.0
C10-2034,0.0,0.0,1.9361263126072004e-07,1.9361263126072004e-07,1.0
2006.jeptalnrecital-recital.7,0.0,0.0,0.0,0.0,1.0
2021.sigmorphon-1.5,0.0,0.0,1.9361263126072004e-07,3.128162811005808e-07,1.0
2021.acl-srw.1,0.0,0.0,1.0,0.0,3.128162811005808e-07
I13-1099,0.0,0.0,1.0,0.0,3.128162811005808e-07
E14-1011,0.0,0.0,1.0,0.0,0.0
J07-4005,1.9361263126072004e-07,0.0,1.9361263126072004e-07,0.0,1.0
2020.lrec-1.70,0.0,0.0,1.0,0.0,0.0
N13-1022,0.0,0.0,0.0,4.320199066265573e-07,0.9998760879877276
W08-2207,0.0,0.0,1.0,0.0,1.9361263126072004e-07
P14-2084,1.0,0.0,6.0345741919043405e-06,0.0,3.128162811005808e-07
N07-3009,1.9361263126072004e-07,0.0,1.9361263126072004e-07,1.9361263126072004e-07,1.0
I13-1164,0.0,0.0,1.9361263126072004e-07,3.128162811005808e-07,1.0
I08-5011,0.0,0.0,1.9361263126072004e-07,6.704270752999619e-07,1.0
2020.lrec-1.870,0.0,0.0,1.0,0.0,1.9361263126072004e-07
2022.findings-acl.158,1.0,0.0,0.0,0.0,0.0
W11-1503,0.0,0.0,0.0,5.51223498068687e-07,1.0
L16-1473,0.0,0.0,1.9361263126072004e-07,1.9361263126072004e-07,1.0
E06-3001,0.0,1.0,0.0,0.0,0.0
2020.acl-main.609,3.128162811005808e-07,0.0,1.0,1.9361263126072004e-07,3.128162811005808e-07
W09-2112,0.0,1.0,0.0,1.9361263126072004e-07,1.9361263126072004e-07
N13-1055,0.0,0.0,0.0,1.9361263126072004e-07,1.0
W11-2905,0.0,0.0,1.0,1.9361263126072004e-07,0.0
D14-1110,0.0,0.0,1.9361263126072004e-07,0.0,1.0
W10-4121,0.0,0.0,1.0,0.0,0.0
2020.emnlp-main.416,0.0,0.0,0.0,0.0,1.0
2021.eacl-main.61,0.0,0.0,1.0,0.0,0.0
W15-4641,0.0,0.0,1.0,1.9361263126072004e-07,0.0
2021.semdeep-1.2,0.0,0.0,0.0,0.0,1.0
W17-5408,0.0,0.0,0.0,1.9361263126072004e-07,1.0
R09-1085,0.0,0.0,0.0,1.9361263126072004e-07,1.0
2020.acl-main.131,0.0,1.0,0.0,0.0,0.0
2020.emnlp-main.396,0.0,1.0,1.0,0.0,0.0
W16-0704,0.0,0.0,0.0,1.9361263126072004e-07,1.0
L16-1520,0.0,0.0,1.0,0.0,3.128162811005808e-07
C04-1004,0.0,0.0,0.0,1.9361263126072004e-07,0.9999998063873687
N12-1008,1.0,0.0,1.9361263126072004e-07,1.9361263126072004e-07,0.0
W06-1106,1.9361263126072004e-07,0.0,0.0,0.0,0.9999998063873687
S10-1014,0.0,0.0,1.0,0.0,0.0
E09-3005,0.0,0.0,0.0,0.0,0.9992384253752754
P13-1123,0.0,0.0,1.0,0.0,0.0
2021.eacl-main.162,0.0,1.0,1.0,0.0,0.0
P11-1097,0.0,1.0,0.0,7.896306882804183e-07,1.9361263126072004e-07
L16-1449,0.0,0.0,0.0,1.9361263126072004e-07,1.0
2021.wnut-1.4,0.0,0.0,0.0,1.9361263126072004e-07,1.0
W15-5314,0.0,0.0,1.0,0.0,0.0
W18-4509,0.0,0.0,4.320199066265573e-07,0.0,1.0
Q14-1005,1.0,0.0,0.0,0.0,0.0
I13-1200,0.0,0.0,1.0,0.0,0.0
N18-1185,0.0,0.0,1.9361263126072004e-07,1.9361263126072004e-07,1.0
H01-1005,0.0,0.0,1.0,0.0,6.704270752999619e-07
L18-1406,0.0,0.0,0.0,1.9361263126072004e-07,1.0
2020.coling-main.185,0.0,0.0,1.0,0.0,0.0
2020.nlpcss-1.15,0.0,0.0,1.0,1.9361263126072004e-07,0.0
2021.argmining-1.5,0.0,0.0,1.0,0.0,0.0
2022.mia-1.11,0.0,1.0,7.896306882804183e-07,1.9361263126072004e-07,0.0
2020.cllrd-1.6,0.0,0.0,1.0,1.9361263126072004e-07,0.0
W19-7905,0.0,0.0,0.0,0.0,1.0
2021.naacl-main.21,0.0,0.0,0.9996747193852143,0.0,0.0
M98-1013,0.0,6.1537768654140734e-06,4.127324782610131e-06,0.0,1.0
P11-1081,0.0,0.0,0.9999995679800934,0.0,5.836329679653751e-05
W07-1209,0.0,0.0,1.0,0.0,1.9361263126072004e-07
L16-1053,0.0,0.0,1.9361263126072004e-07,4.320199066265573e-07,1.0
L16-1546,0.0,0.0,1.9361263126072004e-07,4.320199066265573e-07,1.0
W04-3006,0.0,0.0,0.0,1.9361263126072004e-07,0.9971975164094153
L18-1323,0.0,0.0,1.9361263126072004e-07,5.51223498068687e-07,1.0
2022.naacl-main.325,0.0,0.0,0.0,0.0,0.9919298241339868
L18-1636,0.0,0.0,0.0,1.9361263126072004e-07,1.0
I17-2033,0.0,0.0,1.9361263126072004e-07,0.0,1.0
P15-1060,0.0,0.0,0.0,4.320199066265573e-07,1.0
L16-1141,0.0,0.0,1.0,0.0,0.0
2019.gwc-1.37,0.0,0.0,1.0,0.0,0.0
W18-6529,0.0,0.0,0.0,3.128162811005808e-07,0.9688541223061883
N19-1096,0.0,0.0,1.0,0.0,0.0
D14-1137,0.0,0.0,0.0,1.9361263126072004e-07,1.0
W11-2164,0.0,0.0,0.0,0.0,1.0
2020.acl-main.507,1.9361263126072004e-07,1.0,1.0,0.9411294993523083,0.0
P04-1080,0.0,0.0,0.0,7.896306882804183e-07,1.0
W17-4506,0.0,0.0,0.0,0.0,1.0
I13-1067,0.0,0.0,0.0,0.0,0.9999715555225518
E14-4039,0.0,0.0,0.0,0.0,0.9991436966371555
2022.naacl-main.108,0.0,0.0,1.9361263126072004e-07,1.9361263126072004e-07,1.0
2020.emnlp-main.535,0.0,0.0,1.0,0.0,0.0
2022.wassa-1.20,0.0,0.0,0.0,4.320199066265573e-07,0.9994796306391235
2020.lrec-1.457,1.9361263126072004e-07,0.0,0.0,5.51223498068687e-07,1.0
2004.eamt-1.5,0.0,0.0,1.0,1.9361263126072004e-07,3.128162811005808e-07
C18-1309,1.0,0.0,0.0,0.0,0.0
D12-1028,0.0,0.0,1.0,0.0,0.0
L18-1362,0.0,0.0,1.0,1.9361263126072004e-07,3.128162811005808e-07
2021.ranlp-1.170,0.0,0.00011795987218710113,0.0007211084062740403,1.0,1.9361263126072004e-07
W04-1703,0.0,0.0,0.0,4.320199066265573e-07,1.0
W04-1216,0.0,0.0,0.9356557299927307,0.8584453398815554,0.0
N19-1346,0.0,1.0,0.0,0.0,1.9361263126072004e-07
2020.lrec-1.816,0.0,0.0,1.521315827868186e-05,1.9361263126072004e-07,1.0
W17-7557,0.0,0.0,1.0,1.9361263126072004e-07,1.9361263126072004e-07
W18-3013,0.0,0.0,0.0,1.9361263126072004e-07,1.0
P16-2064,0.0,3.128162811005808e-07,1.0,3.128162811005808e-07,1.9361263126072004e-07
2020.acl-main.546,0.0,1.0,1.0,0.0,0.0
D14-1199,0.0,0.0,1.9361263126072004e-07,4.320199066265573e-07,1.0
2021.emnlp-main.558,1.0,0.0,0.0,0.0,0.0
W07-1003,0.0,0.0,1.0,0.0,0.0
N18-2018,0.0,0.0,0.0,4.320199066265573e-07,1.0
N19-1106,5.51223498068687e-07,0.0002783395563562552,1.0,1.9361263126072004e-07,0.0
P17-2054,0.0,1.0,0.0,0.0,0.0
J08-2003,0.0,0.0,0.0,1.9361263126072004e-07,0.9999860980626328
D19-1382,0.0,1.0,0.0,5.51223498068687e-07,0.0
2020.signlang-1.5,0.0,0.0,1.0,0.0,0.0
P18-2046,0.0,1.9361263126072004e-07,0.0,1.9361263126072004e-07,1.0
S14-2118,0.0,0.0,0.8230239317930167,0.999185461856445,1.9361263126072004e-07
C10-1019,0.0,0.0,0.0,1.743258780551038e-06,0.9999925349918634
2020.acl-main.182,0.0,0.0,0.0,0.0,1.0
Y99-1030,0.0,0.0,1.0,0.0,0.0
2022.acl-tutorials.8,0.0,0.0,0.0,0.0,0.9994804646052752
2011.mtsummit-papers.59,0.0,0.0,0.0,4.320199066265573e-07,1.0
W13-0203,0.0,0.0,0.0,1.9361263126072004e-07,0.9840928043630768
W14-3214,0.0,0.0,0.0,1.9361263126072004e-07,0.9996537502582826
Y17-1048,0.0,0.0,1.9361263126072004e-07,0.0,1.0
2021.semeval-1.43,0.0,0.0,1.9361263126072004e-07,3.128162811005808e-07,1.0
C16-1278,0.0,0.0,0.0,0.0,1.0
2020.wat-1.22,0.0,0.0,1.0,0.9998024393176823,0.0
2014.iwslt-papers.8,0.0,0.0,0.0,0.0,1.0
P11-1049,1.0,0.0,1.9361263126072004e-07,0.0,0.0
N16-1010,0.0,0.0,1.9361263126072004e-07,0.0,1.0
P13-2102,0.0,0.0,1.0,3.128162811005808e-07,0.0
C12-1011,0.0,0.0,0.0,1.0,0.0
N19-1110,0.0,0.0,1.0,0.0,0.0
2014.eamt-1.18,0.0,0.0,0.0,0.0,0.9999994487765019
W09-3837,0.0,0.0,0.0,0.0,1.0
2020.conll-1.35,0.0,0.0,1.0,0.0,0.0
W10-4311,0.0,0.0,1.0,0.0,0.0
C12-2001,0.0,0.0,1.0,0.0,0.0
S19-2102,0.0,0.0,3.128162811005808e-07,3.128162811005808e-07,1.0
2010.eamt-1.12,0.0,0.0,1.0,0.0,0.0
2020.deelio-1.5,0.0,0.0,1.0,0.9999998063873687,0.0
2020.ldl-1.4,1.9361263126072004e-07,0.0,0.9999800187796273,1.0,0.0
W11-1206,0.0,0.0,1.0,0.0,0.0
P08-1073,1.9361263126072004e-07,0.0,1.0,0.0,9.088342269869543e-07
Y10-1079,0.0,0.0,0.0,1.9361263126072004e-07,0.9999583243784529
C98-1109,0.0,0.0,1.0,1.9361263126072004e-07,5.51223498068687e-07
P17-2035,0.0,0.0,1.0,1.0,0.0
J96-2009,0.0,1.9361263126072004e-07,0.0,7.896306882804183e-07,0.9999959918780326
2022.acl-long.11,0.0,0.0,0.0,0.0,1.0
2020.iwslt-1.26,0.0,1.0,0.0,1.9361263126072004e-07,0.0
W16-3904,0.0,0.0,0.0,5.51223498068687e-07,1.0
W11-3903,0.0,0.0,0.0,0.0,1.0
2022.naacl-main.368,0.0,0.0,0.0,0.0,0.9998305625461471
U17-1008,0.0,0.0,0.0,0.0,0.9993734205829202
U09-1015,0.0,1.0,1.9361263126072004e-07,1.9361263126072004e-07,5.51223498068687e-07
L18-1694,1.9361263126072004e-07,0.0,0.9999998063873687,0.0,1.9361263126072004e-07
C14-1207,1.9361263126072004e-07,0.0,0.0,0.0,0.9999998063873687
W16-3912,0.0,0.0,0.9999998063873687,3.128162811005808e-07,0.0
W19-1602,1.9361263126072004e-07,0.0,0.0,3.128162811005808e-07,1.0
W15-2205,0.0,0.0,0.0,0.0,0.9999676219241812
U04-1019,0.0,1.9361263126072004e-07,0.9999995679800934,4.320199066265573e-07,0.0
W16-4804,1.0,0.0,1.0,1.3856483399576902e-06,0.0
2021.cl-4.31,0.0,0.0,0.0,0.0,0.9998760879877276
W14-4725,1.0,0.0,3.128162811005808e-07,1.9361263126072004e-07,1.9361263126072004e-07
W98-1111,0.0,0.0,0.0,4.320199066265573e-07,1.0
C02-1126,0.0,0.0,1.0,0.0,3.128162811005808e-07
2020.lrec-1.660,1.9361263126072004e-07,0.0,0.0,7.896306882804183e-07,1.0
D12-1073,0.0,0.0,1.0,1.9361263126072004e-07,3.128162811005808e-07
2021.mtsummit-asltrw.2,0.0,0.0,1.9361263126072004e-07,0.0,0.999311273830822
L16-1730,0.0,0.0,1.9361263126072004e-07,3.128162811005808e-07,1.0
2022.acl-long.362,0.0,0.0,0.0,0.0,0.9996632832718062
U19-1006,0.0,0.0,0.0,3.128162811005808e-07,1.0
W19-7502,0.0,0.0,0.0,0.0,1.0
2020.coling-main.340,0.0,0.0,1.9361263126072004e-07,1.9361263126072004e-07,1.0
2020.semeval-1.7,0.0,0.0,1.0,0.0,0.0
D18-1428,0.0,0.0,1.0,0.0,0.0
W15-5915,0.0,0.0,1.9361263126072004e-07,3.128162811005808e-07,1.0
W06-1414,0.0,0.0,1.0,0.0,0.0
2022.mia-1.9,0.0,0.0,0.0,0.0,1.0
W03-0420,0.0,0.0,0.0,1.9361263126072004e-07,1.0
2012.amta-caas14.4,0.0,0.0,3.128162811005808e-07,3.128162811005808e-07,1.0
W19-2405,0.0,1.0,0.0,0.0,0.0
W18-5108,0.0,0.0,1.9361263126072004e-07,0.0,1.0
P17-3022,0.0,0.0,1.9361263126072004e-07,0.0,0.8902853194323948
2021.sigdial-1.34,0.0,0.0,0.0,0.0,0.9999529604543941
2021.naacl-main.333,0.0,0.0,0.0009400814463084162,1.0280378716087668e-06,0.9999797803764193
2020.nl4xai-1.8,0.0,0.0,1.0,4.320199066265573e-07,0.0
W19-6503,0.0,0.0,1.9361263126072004e-07,0.0,1.0
W10-1762,0.0,0.0,1.9361263126072004e-07,0.0,1.0
C10-2117,0.0,0.0,4.632435699380988e-05,3.128162811005808e-07,0.9999808531883025
S14-1016,0.0,0.0,0.0,0.0,1.0
N13-1005,1.0,0.0,0.9999998063873687,0.0,1.9361263126072004e-07
2021.acl-long.324,0.0,0.0,1.0,0.0,0.0
2021.eacl-srw.24,0.0,0.0,1.0,1.0,0.0
D19-1320,0.0,0.0,0.0,4.320199066265573e-07,1.0
W14-4318,0.0,0.0,1.9361263126072004e-07,1.9361263126072004e-07,1.0
N07-1013,0.0,0.0,1.0,0.8354819708954846,0.0
D10-1112,0.0,0.0,1.0,1.9361263126072004e-07,0.0
2022.semeval-1.33,0.0,0.0,0.0,0.0,0.9999863364673469
W18-4308,0.0,0.0,1.9361263126072004e-07,0.0,0.999754187196919
P05-2014,0.0,0.0,0.0,7.896306882804183e-07,1.0
2021.nllp-1.14,0.0,0.0,1.9361263126072004e-07,1.9361263126072004e-07,0.9999974223173222
2022.findings-acl.276,0.0,0.0,1.0,0.0,1.9361263126072004e-07
W15-1106,0.0,0.0,1.0,0.0,1.9361263126072004e-07
W16-1503,0.0,0.0,1.0,0.0,0.0
D16-1220,0.0,0.0,0.0,0.0,1.0
P19-1457,0.0,0.0,1.0,0.0,0.0
C16-1223,0.0,0.0,1.9361263126072004e-07,0.0,1.0
P19-2017,0.0,0.0,0.9999822836059372,0.0,0.0
W07-1018,0.0,0.0,1.9361263126072004e-07,3.128162811005808e-07,1.0
W18-1808,0.0,0.0,1.0,1.1472413419255645e-06,0.0
W15-4610,1.0,0.0,1.0,1.5048518676730183e-06,0.0
S18-1011,0.0,0.0,1.0,0.0,0.0
W09-3210,1.9361263126072004e-07,0.0,0.0,1.9361263126072004e-07,0.9992441428040775
W16-0313,0.0,0.0,0.0,0.0,1.0
W16-3211,0.0,0.0,0.0,1.9361263126072004e-07,1.0
W16-2816,0.0,0.0,0.0,0.0,1.0
D08-1007,0.0,0.0,0.0,3.128162811005808e-07,1.0
2020.emnlp-main.555,0.0,0.0,1.0,0.0,0.0
2002.jeptalnrecital-recitalposter.1,0.0,0.0,0.0,0.0,1.0
K15-1024,1.0,0.0,0.9999996871837189,0.0,0.0
W00-1418,0.0,0.0,1.0,0.0,1.0280378716087668e-06
W12-2002,0.0,0.0,0.0,1.9361263126072004e-07,0.9928759942941583
2020.findings-emnlp.52,0.0,0.0,0.0,0.0,1.0
L18-1302,0.0,0.0,1.0,0.0,4.320199066265573e-07
H94-1004,0.0,0.0,0.0,0.0,1.0
2020.acl-main.1,0.0,0.0,0.0,0.0,1.0
2020.emnlp-main.113,0.0,1.0,3.128162811005808e-07,3.128162811005808e-07,0.0
O12-4004,0.0,0.0,1.9361263126072004e-07,0.0,0.9992892513016015
W15-3710,0.0,0.0,1.9361263126072004e-07,4.320199066265573e-07,1.0
S18-1007,0.0,0.0,0.0,1.9361263126072004e-07,1.0
W09-3011,0.0,0.0,0.0,0.0,1.0
2020.coling-main.41,0.0,0.0,0.0,3.128162811005808e-07,0.999494039541184
P05-1068,0.0,0.0,0.0,2.81608923480281e-06,1.0
W11-0115,0.0,0.0,1.9361263126072004e-07,1.9361263126072004e-07,1.0
N15-1072,1.0,1.0,0.0,0.0,0.0
L16-1224,0.0,0.0,1.0,3.128162811005808e-07,3.128162811005808e-07
C16-1023,0.0,0.0,0.0,0.0,1.0
O16-1014,0.0,0.0,1.9361263126072004e-07,3.128162811005808e-07,0.9762391869472044
2020.emnlp-main.646,0.0,0.0,1.0,0.9999549868231234,0.0
L18-1553,0.0,0.0,1.0,3.128162811005808e-07,0.0
2020.emnlp-main.538,0.0,0.0,1.0,0.0,1.9361263126072004e-07
2021.emnlp-main.294,0.0,0.0,0.0,0.0,1.0
W19-0507,0.0,0.0,0.0,0.0,0.9928739969275296
Q14-1003,0.0,0.0,1.9361263126072004e-07,1.9361263126072004e-07,1.0
W15-3803,0.0,0.0,1.0,0.0,0.0
D11-1070,0.0,0.0,1.0,3.128162811005808e-07,1.9361263126072004e-07
2010.amta-commercial.3,0.0,0.999996945503965,0.0,0.0,0.0
W13-2248,1.9361263126072004e-07,0.0,0.0,0.0,0.9999821644040562
D19-5533,0.0,0.0,1.0,0.0,0.0
S15-1027,1.0,0.0,0.9999998063873687,0.0,3.128162811005808e-07
W15-2204,0.0,0.0,0.0,6.704270752999619e-07,0.9999996871837189
P12-1093,0.0,0.0,1.0,0.0,0.0
2022.ltedi-1.10,0.0,0.0,0.0,1.0280378716087668e-06,0.9992440237341524
2021.findings-acl.157,0.0,0.0,1.0,0.0,3.128162811005808e-07
W12-3404,0.0,0.0,0.0,0.0,1.0
2022.dialdoc-1.1,0.0,0.0,1.0,0.0,0.0
2021.inlg-1.25,1.9361263126072004e-07,1.0,0.9999440206399028,0.03392036183199665,0.0
W06-0906,1.0,0.0,3.128162811005808e-07,1.9361263126072004e-07,3.128162811005808e-07
2022.lchange-1.4,0.0,0.0,0.0,0.0,0.9990885944325829
P11-2097,0.0,0.0,0.0,0.0,0.9999937270200753
R15-1055,0.0,0.0,0.0,1.9361263126072004e-07,1.0
D19-3019,0.0,0.0,0.0,0.0,1.0
2005.eamt-1.13,0.0,0.0,1.0,0.0,1.9361263126072004e-07
W12-5704,0.0,0.0,1.0,0.0,0.0
P13-2089,1.0,0.867032991886486,2.4749261732015526e-05,0.029312519751639066,0.0
2021.metanlp-1.7,0.0,0.0,0.0,3.128162811005808e-07,1.0
2021.jeptalnrecital-recital.4,0.0,0.0,0.0,4.320199066265573e-07,1.0
J97-1004,1.0,1.0,1.0,0.0,0.0
2020.conll-1.43,0.0,0.0,1.0280378716087668e-06,4.00812196743594e-06,1.0
W04-2401,1.0,1.0,1.0,0.0,0.0
2016.gwc-1.8,0.0,0.0,0.0,5.51223498068687e-07,1.0
W18-4305,1.9361263126072004e-07,0.0,6.704270752999619e-07,0.007245384723533754,0.9989667730469299
L18-1359,0.0,0.0,1.0,0.0,0.0
2020.findings-emnlp.192,0.0,0.0,1.0,1.9361263126072004e-07,0.0
S15-2001,1.0,1.0,1.0,0.0,0.0
D18-1448,0.0,0.0,1.0,3.128162811005808e-07,1.9361263126072004e-07
P10-1054,0.0,0.0,0.0,9.088342269869543e-07,1.0
W07-1501,1.9361263126072004e-07,0.0,0.0,0.0,0.9999998063873687
P13-1144,0.0,0.0,0.0,1.0,0.0
2020.lrec-1.895,0.0,0.0,0.0,6.704270752999619e-07,1.0
2020.lrec-1.712,0.0,0.0,1.0,0.0,3.128162811005808e-07
N06-1055,0.0,0.0,0.0,0.0,1.0
L16-1357,0.0,0.0,1.0,0.0,0.0
D18-1389,3.128162811005808e-07,0.0,3.769715394619233e-06,1.981665536443522e-06,0.9999996871837189
2022.nlp4convai-1.3,0.0,0.0,1.0,1.9361263126072004e-07,3.128162811005808e-07
2021.ranlp-1.29,0.0,0.0,1.0,0.0,0.0
W04-0607,0.0,0.0,0.0,1.9361263126072004e-07,1.0
P97-1025,0.0,0.0,1.0,3.128162811005808e-07,5.51223498068687e-07
P08-1117,1.0,1.0,1.0,0.0,0.0
C98-1082,0.0,0.0,1.9361263126072004e-07,1.9361263126072004e-07,0.9984001324547155
N09-1047,0.0,0.0,0.0,3.128162811005808e-07,1.0
W91-0102,0.0,0.0,1.0,1.9361263126072004e-07,0.0
L16-1711,0.0,0.0,1.0,0.0,0.0
2022.acl-long.71,0.0,1.9361263126072004e-07,1.0,0.0,0.0
W16-2363,4.320199066265573e-07,0.0,1.0,7.3458053194697115e-06,0.0
W10-1915,0.0,0.0,1.0,1.0,0.0
P13-2115,0.0,0.0,1.0,0.0,0.0
S16-2015,0.0,0.0,1.0,0.0,0.0
J99-4005,0.0,0.0,1.9361263126072004e-07,3.128162811005808e-07,0.999311631234563
L18-1066,0.0,0.0,1.0,1.9361263126072004e-07,0.0
P19-1270,0.0,0.0,1.0,0.0,0.0
N19-1412,1.0,0.0,0.9999998063873687,0.0,0.0
A97-1051,0.0,0.0,0.0,4.320199066265573e-07,1.0
D09-1095,0.0,0.0,1.9361263126072004e-07,1.0,0.0
W10-3904,0.0,0.0,1.0,0.0,0.0
W13-2706,0.0,0.0,1.0,1.9361263126072004e-07,0.0
D17-1067,0.0,0.0,1.9361263126072004e-07,1.8624621656027074e-06,1.0
L18-1621,0.0,0.0,0.0,0.0,1.0
S18-1135,0.0,0.0,0.9999942038320978,1.9361263126072004e-07,3.128162811005808e-07
2021.emnlp-main.220,0.0,0.0,1.0,0.0,0.0
L16-1551,0.0,0.0,1.0,1.9361263126072004e-07,3.128162811005808e-07
U16-1019,0.0,0.0,0.0,1.9361263126072004e-07,1.0
W18-4104,1.0,0.0,0.0,0.0,0.0
2020.acl-main.681,0.0,1.0,0.0,0.0,0.0
P19-1030,0.0,0.0,1.0,1.9361263126072004e-07,0.0
2020.coling-main.463,0.0,0.0,0.0,0.0,1.0
2020.iwslt-1.8,0.0,1.0,3.128162811005808e-07,0.0,3.128162811005808e-07
L16-1290,0.0,0.0,1.0,1.266444898062602e-06,3.128162811005808e-07
2021.gwc-1.15,0.0,0.0,1.0,0.0,0.0
C08-1065,0.0,0.0,1.0,0.0,0.0
C16-1078,0.0,1.9361263126072004e-07,0.9999996871837189,1.0,5.51223498068687e-07
D13-1062,0.0,0.0,1.0,0.0,0.0
2020.acl-main.286,0.0,0.0,5.51223498068687e-07,1.9361263126072004e-07,1.0
D19-1340,1.0,1.9361263126072004e-07,0.0,1.0,0.0
I13-1089,1.0,0.0,4.320199066265573e-07,0.0,0.0
W16-3620,0.0,0.0,1.0,0.0,3.128162811005808e-07
P17-1090,0.0,1.0,1.0,0.0,0.0
W17-4911,0.0,0.0,1.9361263126072004e-07,0.0,1.0
W08-1303,0.0,0.0,0.0,3.128162811005808e-07,1.0
D19-1478,0.0,0.0,1.0,0.0,3.128162811005808e-07
W10-3011,0.0,0.0,1.0,0.0,0.0
P13-1095,0.0,0.0,1.0,0.0,0.0
2021.acl-long.169,0.0,0.0,0.0,1.843160213588213e-05,1.0
C14-1027,0.0,0.0,1.9361263126072004e-07,4.320199066265573e-07,1.0
L16-1547,0.0,0.0,0.9822826215981071,0.8739437016407458,0.0
E12-1023,0.0,0.0,1.0,1.9361263126072004e-07,1.9361263126072004e-07
2021.konvens-1.22,0.0,0.0,1.0,1.9361263126072004e-07,0.0
P19-1635,3.128162811005808e-07,1.9361263126072004e-07,1.0,6.704270752999619e-07,1.1472413419255645e-06
N19-1057,0.0,0.0,1.9361263126072004e-07,0.0,1.0
P13-1147,0.0,0.0,0.0,0.0,0.9999467621731833
W06-2109,0.0,0.0,1.9361263126072004e-07,0.0,0.8670063830522796
D19-5414,0.0,0.0,0.0,0.0,1.0
2020.mwe-1.7,0.0,0.0,0.9999992103693117,0.0,5.51223498068687e-07
P06-2018,0.0,0.0,1.0,1.9361263126072004e-07,0.0
2012.amta-wptp.1,0.0,0.0,3.128162811005808e-07,1.9361263126072004e-07,1.0
W11-0209,0.0,0.0,1.9361263126072004e-07,1.0,3.128162811005808e-07
C12-1044,0.0,0.0,4.131802138707119e-05,0.9999996871837189,1.9361263126072004e-07
W17-2901,0.0,0.0,1.0,0.0,0.0
W19-5321,0.0,4.489397923512772e-05,5.51223498068687e-07,6.704270752999619e-07,1.0
W10-0604,0.0,0.0,0.0,1.9361263126072004e-07,0.9999714363229496
N19-1295,0.0,0.0,1.9361263126072004e-07,1.9361263126072004e-07,0.9992902042242858
P19-2058,0.0,0.0,1.0,0.0,0.0
I05-1016,0.0,0.0,1.0,0.0,0.0
W10-2906,1.0,4.320199066265573e-07,1.0,5.51223498068687e-07,0.0
D13-1108,1.9361263126072004e-07,0.0,0.0,0.0,1.0
P18-1054,0.0,0.0,1.0,0.0,0.0
W17-5513,0.0,1.0,1.0,0.0,1.9361263126072004e-07
W17-4302,0.0,0.0,0.0,0.0,1.0
P18-1243,0.0,0.0,0.0,1.9361263126072004e-07,1.0
W12-2037,1.0,1.0,0.0,0.0,0.0
2020.lrec-1.394,0.0,0.0,0.0,1.9361263126072004e-07,0.9998835895922175
R13-2010,0.0,0.0,0.0,1.9361263126072004e-07,1.0
H05-1009,1.9361263126072004e-07,0.0,0.0,1.9361263126072004e-07,1.0
2021.acl-long.193,0.0,0.0,1.0,0.0,0.0
P14-2097,0.0,0.0,0.0,1.981665536443522e-06,1.0
P18-2068,1.9361263126072004e-07,0.0,0.0,5.51223498068687e-07,1.0
E14-1055,0.0,0.0,1.0,0.0,6.704270752999619e-07
2022.acl-short.53,0.0,0.0,1.0,0.0,0.0
2007.tmi-papers.3,0.0,1.0,1.0,0.0,0.0
C04-1021,0.0,0.0,1.9361263126072004e-07,1.9361263126072004e-07,0.9998364025435236
R09-1018,0.0,0.0,0.0,0.0,1.0
W09-3419,0.0,0.0,1.0,0.0,6.704270752999619e-07
2020.coling-main.499,0.0,0.0,1.0,0.0,0.0
2021.scil-1.6,0.0,0.0,0.0,1.9361263126072004e-07,1.0
I13-1136,0.0,0.0,0.0,0.0,1.0
W02-1022,0.0,0.0,1.0,1.9361263126072004e-07,0.0
D18-1522,0.0,0.0,1.9361263126072004e-07,0.0,1.0
W07-0411,0.0,1.0,0.0,5.51223498068687e-07,1.9361263126072004e-07
2021.metanlp-1.8,0.0,0.0,0.0,1.9361263126072004e-07,1.0
2021.acl-short.81,0.0,0.0,0.0,0.0,0.9999915813694369
O14-2003,0.0,0.0,0.0,4.320199066265573e-07,1.0
N10-1137,0.0,0.0,1.9361263126072004e-07,0.0,0.9998412891059067
N18-2077,1.0,0.0,1.0,1.9361263126072004e-07,1.9361263126072004e-07
D15-1129,0.0,0.0,1.0,0.0,4.320199066265573e-07
2020.lrec-1.101,0.0,0.0,0.0,3.128162811005808e-07,1.0
L16-1401,0.0,0.0,1.0,0.0,1.9361263126072004e-07
2022.semeval-1.205,0.0,0.0,1.0,0.0,0.0
P19-2015,0.0,0.0,0.0,0.0,0.9950938124486489
2020.wmt-1.137,0.0,0.0,1.0,0.9999994487765019,0.0
I17-1001,0.0,0.0,1.743258780551038e-06,7.896306882804183e-07,0.9999996871837189
2019.iwslt-1.20,0.0,0.0,1.0,0.0,3.128162811005808e-07
W05-0301,0.0,0.0,0.0,1.9361263126072004e-07,1.0
2011.jeptalnrecital-court.17,0.0,0.0,0.0,3.128162811005808e-07,1.0
E14-2024,0.0,0.0,0.9999998063873687,0.0,3.128162811005808e-07
W06-3606,1.0,1.0,1.0,0.0,0.0
W15-2905,0.0,0.0,0.0,0.0,1.0
D19-1288,0.0,0.0,1.0,0.0,1.9361263126072004e-07
2018.gwc-1.36,0.0,0.0,0.9999900317366834,0.9999888397127765,0.0
2013.mtsummit-papers.14,1.0,7.896306882804183e-07,1.0,1.9361263126072004e-07,0.0
X93-1010,0.0,0.0,0.0,9.088342269869543e-07,0.9969219832366621
S07-1005,0.0,0.0,0.0,0.0,1.0
W11-1402,0.0,0.0,1.9361263126072004e-07,4.320199066265573e-07,0.9999998063873687
H90-1055,0.0,0.0,0.0,0.0,0.9983504631838217
W09-2506,0.0,0.0,0.0,0.0,1.0
2021.eacl-main.25,0.0,0.0,0.0,1.9361263126072004e-07,0.9968270920454326
I17-2007,0.0,0.0,1.0,0.0,0.0
W13-2908,0.0,0.0,1.0,0.0,0.0
2020.pam-1.13,0.0,0.0,0.9637757152213727,0.9941788598756589,0.0
2021.finnlp-1.2,0.0,0.0,0.0,7.896306882804183e-07,1.0
W15-4310,0.0,0.0,1.9361263126072004e-07,1.9361263126072004e-07,1.0
2020.calcs-1.6,0.0,0.0,0.0,0.0,1.0
2020.semeval-1.5,0.0,0.0,0.0,1.9361263126072004e-07,1.0
P19-1341,0.0,0.0,1.0,0.0,0.0
2021.acl-long.170,0.0,0.0,0.0,0.0,0.9984972207053457
2020.lrec-1.377,0.0,0.0,0.0,0.0,0.9879444001199634
P07-1130,0.0,0.0,1.0,0.0,0.0
2020.lrec-1.80,0.0,0.0,0.0,0.0,1.0
2021.adaptnlp-1.6,0.0,0.0,0.0,4.320199066265573e-07,1.0
D16-1131,0.0,0.0,1.0,1.9361263126072004e-07,0.0
W17-4772,0.0,0.0,0.0,1.9361263126072004e-07,0.9998639308082523
W16-1612,0.0,1.0,1.9361263126072004e-07,3.128162811005808e-07,3.128162811005808e-07
H91-1065,1.0,0.0,0.0,0.0,1.9361263126072004e-07
R11-1045,0.0,0.0,1.0,0.0,0.0
2020.lrec-1.459,0.0,0.0,4.320199066265573e-07,1.9361263126072004e-07,1.0
W11-4417,0.0,0.0,1.0,0.0,1.9361263126072004e-07
W16-3639,0.0,0.0,0.0,0.0,0.9992203387938686
S07-1068,0.0,0.0,1.0,1.0,0.0
P19-1245,1.0,0.0,1.0,1.0,0.0
P16-1191,0.0,0.0,0.9999756083404814,0.9999994487765019,0.0
P10-1098,0.0,0.0,0.0,1.521315827868186e-05,1.0
2022.acl-srw.21,0.0,0.0,1.0,0.0,4.320199066265573e-07
N09-2023,0.0,0.0,1.0,1.9361263126072004e-07,5.51223498068687e-07
2020.lrec-1.623,0.0,0.0,1.0,3.128162811005808e-07,0.0
L18-1004,0.0,0.0,1.0,0.0,0.0
W19-2201,0.0,0.0,0.0,3.128162811005808e-07,1.0
W16-1716,0.0,0.0,1.0,0.0,0.0
2021.emnlp-main.393,0.0,1.0,1.0,0.0,0.0
D19-1498,0.0,0.0,1.0,3.128162811005808e-07,1.9361263126072004e-07
D16-1259,0.0,1.0,1.9361263126072004e-07,1.1472413419255645e-06,0.0
R15-1056,0.0,0.0,0.0,1.266444898062602e-06,1.0
D19-6218,0.0,0.0,0.9999988527586581,0.0,1.0280378716087668e-06
P08-2061,0.0,0.0,1.0,1.9361263126072004e-07,3.128162811005808e-07
2020.aacl-main.17,0.0,0.0,0.0,4.320199066265573e-07,1.0
P13-1074,0.0,0.0,0.0,0.0,1.0
2021.emnlp-main.687,0.0,1.0,1.0,1.9361263126072004e-07,3.128162811005808e-07
P13-1131,0.0,0.0,1.0,0.0,3.128162811005808e-07
P19-1497,0.0,0.0,1.0,0.0,0.0
W09-0107,0.0,0.0,1.0,0.0,0.0
D18-1313,0.0,0.0,1.0,0.0,3.128162811005808e-07
I11-1125,1.0,0.0,0.0,0.0,0.0
N19-4018,0.0,0.0,0.0,0.0,1.0
W17-6922,0.0,0.0,1.0,0.0,0.0
W19-5438,0.0,1.0,0.0,1.9361263126072004e-07,0.0
2020.semeval-1.123,0.0,0.0,0.0,4.320199066265573e-07,1.0
P09-4002,0.0,0.0,0.0,3.128162811005808e-07,1.0
R11-1052,0.0,0.0,1.0,0.0,0.0
W16-6210,0.0,0.0,4.320199066265573e-07,6.704270752999619e-07,1.0
N18-1181,0.0,0.0,1.0,0.9999989719621284,0.0
W06-2702,3.128162811005808e-07,0.0,0.9999998063873687,0.1930758215831373,0.0
P18-1219,0.0,0.0,1.9361263126072004e-07,0.0,1.0
L18-1678,1.9361263126072004e-07,0.0,1.0,4.320199066265573e-07,0.0
W19-4116,0.0,1.0,1.0,0.0,1.9361263126072004e-07
E14-1058,0.0,0.0,1.9361263126072004e-07,1.9361263126072004e-07,0.9993118694005324
L16-1508,0.0,0.0,1.9361263126072004e-07,4.320199066265573e-07,1.0
2021.starsem-1.27,0.0,0.0,1.9361263126072004e-07,1.9361263126072004e-07,1.0
W15-4501,0.0,0.0,0.0,0.0,1.0
2022.naacl-main.107,0.0,0.0,1.0,7.896306882804183e-07,4.320199066265573e-07
H05-1116,0.9999995679800934,0.7341144618136386,0.9999996871837189,0.9808726228861578,0.0
C10-1082,0.0,0.0,1.0,0.0,3.128162811005808e-07
2005.sigdial-1.14,1.0,3.128162811005808e-07,1.2113905626054411e-05,3.128162811005808e-07,0.0
D19-1175,0.0,0.0,1.0,6.704270752999619e-07,0.0
C10-2092,0.0,0.0,0.0,0.0,0.9916803960599682
W06-0504,0.0,0.0,3.128162811005808e-07,0.0,0.9998599976212479
W08-1209,3.128162811005808e-07,1.0,0.9999970647075079,1.9361263126072004e-07,1.9361263126072004e-07
L18-1156,0.0,0.0,1.0,1.9361263126072004e-07,0.0
W15-0515,0.0,1.9361263126072004e-07,1.0,1.9361263126072004e-07,5.51223498068687e-07
2020.wat-1.17,0.0,0.0,1.0,0.0,1.9361263126072004e-07
S10-1010,0.0,1.9361263126072004e-07,1.0,1.9361263126072004e-07,0.0
D15-1260,0.0,0.0,1.9361263126072004e-07,0.0,0.9937080156585459
W14-2518,0.0,0.0,1.9361263126072004e-07,6.704270752999619e-07,1.0
W09-1405,0.0,0.0,0.0,0.0,1.0
L18-1087,0.0,0.0,1.0,1.9361263126072004e-07,3.128162811005808e-07
2022.acl-long.176,0.0,0.0,0.0,0.0,0.9989338175767956
P15-1110,1.0,0.0,0.0,0.0,0.0
W17-7523,0.0,0.0,1.9361263126072004e-07,3.128162811005808e-07,1.0
2008.amta-papers.2,0.0,0.0,0.0,3.128162811005808e-07,0.9993534181242099
D11-1009,0.0,0.0,1.0,0.0,3.128162811005808e-07
W19-3702,0.0,0.0,1.9361263126072004e-07,1.9361263126072004e-07,1.0
P07-1058,0.0,0.0,1.0,0.0,1.9361263126072004e-07
W16-1404,0.0,0.0,1.0,0.0,0.0
2020.semeval-1.288,0.0,0.0,3.128162811005808e-07,0.0,1.0
C14-1013,0.0,0.0,0.0,0.0,0.9998683407378415
W13-2118,0.0,0.0,0.0,0.0,0.9997465600513311
S07-1004,0.0,0.0,1.9361263126072004e-07,1.9361263126072004e-07,1.0
W16-4305,1.9361263126072004e-07,0.0,0.0,5.51223498068687e-07,1.0
2014.amta-researchers.5,0.0,0.0,1.0,0.0,0.0
P15-2141,0.0,0.0,1.0,0.0,0.0
W12-3611,0.0,0.0,1.0,5.51223498068687e-07,3.128162811005808e-07
W16-2402,0.0,0.0,1.0,0.0,0.0
C16-1277,0.0,0.0,1.0,0.0,0.0
2021.ranlp-1.27,0.0,0.0,1.9361263126072004e-07,0.0,1.0
O06-3002,0.0,2.463006067510154e-05,0.0,0.0,1.0
2020.acl-main.461,0.0,0.0,0.0,4.320199066265573e-07,1.0
D14-1051,0.0,0.0,1.0,0.0,5.51223498068687e-07
N18-1011,0.0,0.0,1.0,0.0,3.128162811005808e-07
W19-0303,0.0,0.0,1.9361263126072004e-07,5.51223498068687e-07,0.9997298795890893
P19-1268,0.0,0.0,1.0,0.0,0.0
2022.semeval-1.67,0.0,0.0,1.0,0.0,0.0
C14-1117,0.0,0.0,3.128162811005808e-07,4.320199066265573e-07,1.0
2020.acl-main.695,0.0,0.0,0.0,0.0,1.0
2020.wanlp-1.6,0.0,0.0,0.0,0.0,1.0
W10-1612,0.0,0.0,1.0,0.0,0.0
W18-3513,0.0,1.0,1.0,1.0280378716087668e-06,0.0
2020.lrec-1.74,0.0,0.0,1.0,0.0,0.0
J18-3004,0.0,0.0,0.0,2.81608923480281e-06,1.0
2020.acl-main.416,0.0,1.0,1.0,0.0,0.0
W09-1126,0.0,1.0,1.0,0.0,7.896306882804183e-07
P14-2038,0.0,0.0,1.9361263126072004e-07,0.0,1.0
D17-1248,0.0,0.0,0.0,1.0,0.0
N12-3007,1.0,0.0,0.0,4.320199066265573e-07,0.0
W07-1606,0.0,0.0,4.320199066265573e-07,5.51223498068687e-07,1.0
N15-1178,0.0,0.0,0.9999998063873687,0.0,0.0
W19-5208,0.0,0.0,0.0,5.51223498068687e-07,1.0
P09-1060,3.128162811005808e-07,0.0,1.0,1.0,0.0
O08-5005,0.0,0.0,1.9361263126072004e-07,0.0,1.0
W99-0617,0.0,1.0,1.0,0.0,0.0
2020.ijclclp-1.1,0.0,0.0,0.0,3.128162811005808e-07,1.0
2020.coling-main.5,0.0,0.0,1.0,3.128162811005808e-07,0.0
P17-1138,0.0,0.0,1.0,0.0,0.0
2011.jeptalnrecital-court.20,0.0,0.0,1.0,0.0,0.0
D15-1305,0.0,0.0,0.0,0.0,1.0
D07-1099,0.0,0.0,1.0,1.9361263126072004e-07,0.0
N16-1091,0.0,0.0,1.0,5.51223498068687e-07,1.9361263126072004e-07
C08-1122,0.0,0.0,0.0,2.220072535585871e-06,1.0
N15-1181,0.0,0.0,1.0,0.0,3.128162811005808e-07
W17-0415,0.0,0.0,0.0,1.9361263126072004e-07,1.0
2020.lrec-1.792,0.0,0.0,0.0,0.0,0.9890113501846005
H05-1008,1.9361263126072004e-07,0.0,0.0,3.128162811005808e-07,1.0
2022.ecnlp-1.19,0.0,0.0,0.0,1.9361263126072004e-07,0.9999005146829923
E03-1040,1.9361263126072004e-07,0.9999903893441826,1.0,0.0,1.9361263126072004e-07
2022.tacl-1.4,0.0,0.0,0.0,0.0,0.9999500997050611
P01-1034,0.0,0.0,0.0,1.9361263126072004e-07,0.9981881799312278
N15-1139,0.0,4.320199066265573e-07,1.0,0.0,1.9361263126072004e-07
C12-1141,0.0,0.0,1.0,0.0,1.9361263126072004e-07
P19-1622,0.0,0.0,0.0,1.9361263126072004e-07,1.0
W14-5814,0.0,0.0,1.0,5.51223498068687e-07,0.0
W19-6808,1.0,0.0,0.00011068928348911822,0.0,0.0
2021.hackashop-1.18,0.0,0.0,1.9361263126072004e-07,0.0,1.0
W14-6107,0.0,0.0,1.5048518676730183e-06,0.0,0.9999993295729247
L16-1314,0.0,0.0,0.0,1.9361263126072004e-07,0.9982956829006745
Y95-1023,0.0,0.0,0.0,0.0,1.0
L18-1208,0.0,0.0,1.0,1.9361263126072004e-07,0.0
D15-1057,0.0,0.0,1.0,1.9361263126072004e-07,0.0
L18-1526,0.0,0.0,1.0,5.51223498068687e-07,0.0
L16-1590,0.0,0.0,0.0,1.0,0.0
W12-4208,0.0,0.0,0.0,1.9361263126072004e-07,0.9971959750424055
2020.lrec-1.839,0.0,0.0,1.0,0.0,0.0
2021.nlp4call-1.1,0.0,0.0,0.0,0.0,1.0
S19-1015,0.0,0.0,1.9361263126072004e-07,0.0,1.0
2022.eamt-1.68,0.0,0.0,0.9999998063873687,0.0,0.0
W19-5320,0.0,0.0,0.9999996871837189,3.128162811005808e-07,1.9361263126072004e-07
2020.emnlp-main.371,0.0,0.0,1.0,0.0,0.0
P19-1049,0.0,0.0,1.9361263126072004e-07,0.0,1.0
W05-0208,0.0,0.0,0.0,1.9361263126072004e-07,1.0
D11-1140,0.0,0.0,0.0,0.0,0.9998975348899081
D19-1505,0.0,0.0,1.9361263126072004e-07,0.0,1.0
2020.nuse-1.15,0.0,0.0,0.0,5.51223498068687e-07,1.0
W98-1309,1.0,1.9361263126072004e-07,1.0,3.128162811005808e-07,1.9361263126072004e-07
W16-2818,0.0,0.0,1.0,0.0,0.0
2020.lrec-1.593,0.0,0.0,0.0,5.51223498068687e-07,0.9935101834175186
2020.coling-main.75,0.0,0.0,1.0,0.0,0.0
W06-1323,0.0,0.0,0.0,0.0,1.0
W18-0313,0.0,0.0,0.0,3.128162811005808e-07,1.0
2021.eacl-main.150,0.0,0.0,0.0,0.0,0.963779366974476
2022.wassa-1.19,0.0,1.0,6.704270752999619e-07,1.0,0.0
2022.findings-acl.296,1.0,1.0,0.0,5.51223498068687e-07,0.0
2021.nlp4posimpact-1.6,0.0,0.0,1.0,0.0,0.0
D13-1114,1.9361263126072004e-07,0.0,1.0,0.0,0.0
L16-1535,0.0,0.0,1.0,0.0,0.0
N18-2006,0.0,0.0,1.0,1.9361263126072004e-07,1.9361263126072004e-07
2020.lrec-1.873,0.0,0.0,0.0,4.365731470112877e-06,1.0
2022.naacl-main.356,0.0,0.0,1.0,0.0,0.0
W12-3704,0.0,0.0,1.9361263126072004e-07,1.9361263126072004e-07,1.0
2010.jeptalnrecital-court.32,0.0,0.0,1.9361263126072004e-07,1.9361263126072004e-07,1.0
2003.mtsummit-systems.9,0.0,0.0,0.0,0.0,1.0
2022.acl-long.39,0.0,0.0,1.0,0.0,0.0
2020.insights-1.13,0.0,1.0,1.0,1.0,0.0
H89-2018,1.0,0.0,0.0,0.0,0.0
I13-1002,0.0,0.0,1.0,0.0,0.0
2020.emnlp-main.55,0.0,1.0,0.0,0.0,0.0
W11-1804,0.0,0.0,1.0,0.0,0.0
2019.jeptalnrecital-court.16,0.0,0.0,0.0,0.0,1.0
2021.acl-long.265,0.0,0.4651152896599804,0.0,0.0,0.9999922965856715
W16-5006,0.0,0.0,1.0,0.0,1.9361263126072004e-07
2021.naacl-industry.14,0.0,0.0,0.9999855020530962,0.9990436178252318,0.0
N19-1289,0.0,1.981665536443522e-06,0.0,1.9361263126072004e-07,1.0
L16-1431,0.0,0.0,0.0,0.0,1.0
2022.bionlp-1.43,0.0,0.0,1.0,0.0,5.51223498068687e-07
W19-1807,0.0,0.0,0.0,1.3856483399576902e-06,1.0
W97-1310,0.0,0.0,0.0,3.128162811005808e-07,1.0
W06-0606,0.0,0.0,0.0,0.0,1.0
C12-2048,0.0,0.0,0.0,1.9361263126072004e-07,0.9896706093941803
2022.acl-long.78,0.0,0.0,0.0,2.220072535585871e-06,1.0
D19-1670,0.0,0.0,0.0,0.0,1.0
W10-0209,0.0,0.0,1.0,0.0,3.128162811005808e-07
E17-1026,0.0,0.0,1.9361263126072004e-07,0.0,1.0
P15-2107,0.0,1.0,0.0,0.0,0.0
2021.emnlp-main.696,0.0,0.0,0.0,0.0,1.0
W09-2605,0.0,0.0,1.0,0.0,0.0
C14-3005,0.0,0.0,1.0,0.0,0.0
L16-1364,0.0,0.0,3.128162811005808e-07,0.0,1.0
W09-4102,0.0,0.0,0.0,5.51223498068687e-07,0.9999199431347219
P16-2083,0.0,0.0,1.0,1.9361263126072004e-07,0.0
2020.inlg-1.21,0.0,0.0,1.0,0.0,0.0
2020.lrec-1.849,0.0,0.0,0.0,4.320199066265573e-07,0.9999753699393249
2020.semeval-1.132,0.0,0.0,1.9361263126072004e-07,0.0,1.0
O98-3003,1.9361263126072004e-07,0.0,0.0,1.9361263126072004e-07,0.9988299864002703
P14-1035,0.0,1.9361263126072004e-07,1.0,1.0,0.0
P19-1039,0.0,0.0,0.0,0.0,1.0
D14-1083,0.0,0.0,1.0,0.0,0.0
W17-5523,1.0,0.0,0.0,3.128162811005808e-07,0.0
P17-2089,0.0,0.0,0.0,3.128162811005808e-07,1.0
W19-6706,0.0,1.9361263126072004e-07,1.3782735017286996e-05,6.704270752999619e-07,1.0
W06-3801,1.9361263126072004e-07,0.0,0.0,0.0,1.0
Y15-2023,0.0,0.0,0.0,1.9361263126072004e-07,0.9997033120205857
K18-1056,0.0,0.0,1.0,0.0,0.0
W17-0408,0.0,0.0,1.0,0.0,0.0
U16-1006,0.0,0.0,1.0,0.0,3.128162811005808e-07
W06-1304,0.0,1.0,1.0,0.0,0.0
H92-1098,1.0,0.0,2.220072535585871e-06,0.0,0.0
W16-0101,0.0,1.0,0.0,1.9361263126072004e-07,0.0
2020.vlsp-1.8,0.0,0.0,1.9361263126072004e-07,1.9361263126072004e-07,1.0
2022.naacl-main.62,0.0,0.0,0.0,1.9361263126072004e-07,1.0
D09-1157,1.9361263126072004e-07,1.0,0.99995629800496,0.0,0.0
D19-1056,0.0,1.0,0.9999998063873687,0.0,1.9361263126072004e-07
W08-1003,0.0,0.0,1.9361263126072004e-07,1.9361263126072004e-07,1.0
S19-2043,0.0,0.0,1.9361263126072004e-07,1.9361263126072004e-07,1.0
L18-1219,0.0,0.0,1.0,6.704270752999619e-07,0.0
P17-2046,0.0,1.0,1.0,1.9361263126072004e-07,0.0
2020.lrec-1.486,0.0,0.0,1.0,0.0,1.9361263126072004e-07
W09-3833,0.0,0.0,0.0,0.0,1.0
J12-2009,0.0,0.0,0.0,0.0,0.997284410601819
E85-1010,0.0,0.0,0.0,1.9361263126072004e-07,1.0
2020.lrec-1.347,0.0,0.0,0.0,5.51223498068687e-07,1.0
P14-5017,0.0,0.0,1.0,4.320199066265573e-07,3.128162811005808e-07
N12-1046,1.0,0.0,0.0,0.0,0.0
W91-0107,0.0,0.0,0.0,0.0,0.9978835079346591
2021.nodalida-main.36,0.0,0.0,1.0,0.0,0.0
2020.argmining-1.5,0.0,0.0,1.9361263126072004e-07,0.0,0.999754187196919
S19-2147,0.0,0.0,0.0,0.0,1.0
L16-1201,0.0,0.0,1.9361263126072004e-07,1.9361263126072004e-07,1.0
R15-1066,0.0,0.0,1.0,0.0,0.0
2005.mtsummit-papers.41,1.9361263126072004e-07,0.0,0.0,0.0,1.0
W05-0608,0.0,0.0,0.9999891973193493,0.0,0.0
D17-1019,1.0,1.0,1.0,1.9361263126072004e-07,0.0
2022.naacl-tutorials.1,0.0,0.0,0.0,0.0,1.0
2020.acl-main.610,0.0,0.0,1.0,0.0,0.0
L18-1126,0.0,0.0,1.0,0.0,0.0
W14-0312,0.0,0.0,0.0,0.0,0.9976028457740902
P19-1330,0.0,0.0,1.0,1.9361263126072004e-07,0.0
D17-1275,1.0,1.0,0.9999998063873687,0.9583270192971464,0.0
W04-0907,0.0,0.0,1.0,0.0,0.0
W11-1218,0.0,0.0,0.0,3.128162811005808e-07,0.999983237218497
2020.scai-1.2,0.0,1.0,0.0,3.128162811005808e-07,0.0
L16-1387,0.0,3.128162811005808e-07,1.0,1.9361263126072004e-07,0.0
L18-1448,0.0,0.0,1.0,1.9361263126072004e-07,1.9361263126072004e-07
C14-1034,0.0,0.0,1.9361263126072004e-07,1.9361263126072004e-07,1.0
P12-2032,0.0,0.0,1.0,0.0,0.0
2021.bea-1.10,0.0,0.0,1.0,0.0,0.0
P06-2073,0.0,0.0,1.9361263126072004e-07,3.128162811005808e-07,1.0
W10-3813,0.0,0.0,1.0,0.0,3.128162811005808e-07
L18-1223,0.0,0.0,1.0,1.9361263126072004e-07,0.0
2020.findings-emnlp.284,1.9361263126072004e-07,0.0,1.0,0.09535181253951663,0.0
D10-1032,1.9361263126072004e-07,0.0,0.0,5.51223498068687e-07,1.0
2020.acl-main.283,0.0,0.0,1.0,0.0,0.0
I05-1084,0.0,0.0,0.0,0.0,1.0
2021.conll-1.36,0.0,0.0,1.0,0.0,0.0
N03-2034,0.0,0.0,1.0,0.0,0.0
2020.framenet-1.12,0.0,0.0,0.0,0.0,0.9999943230348141
P19-1023,0.0,0.0,0.0,3.128162811005808e-07,1.0
J18-4007,0.0,0.0,0.0,0.0,1.0
E12-2019,0.0,0.0,0.0,1.9361263126072004e-07,0.9999994487765019
2021.sigmorphon-1.6,0.0,0.0,0.0,0.0,0.9998528464381476
P92-1042,0.0,0.0,0.0,0.0,1.0
W13-0905,1.0,3.128162811005808e-07,1.0,3.128162811005808e-07,3.128162811005808e-07
D08-1075,0.0,0.0,3.128162811005808e-07,0.0,0.9999998063873687
2022.bionlp-1.22,0.0,0.0,0.0,5.51223498068687e-07,0.9988647134259659
W07-0102,0.0,0.0,1.0,3.128162811005808e-07,0.0
E14-1012,1.0,1.9361263126072004e-07,0.0,0.0,0.0
P92-1015,0.0,0.0,0.0,4.320199066265573e-07,1.0
Q15-1001,1.0,0.0,3.774205575068912e-05,1.0,0.0
N15-4002,0.0,0.0,0.0,3.0544960349931927e-06,1.0
L16-1514,0.0,3.128162811005808e-07,0.9961126105374996,0.998998535101024,0.0
W15-2133,0.0,0.0,1.9361263126072004e-07,1.9361263126072004e-07,1.0
P98-2234,1.18755009856919e-05,1.9361263126072004e-07,0.00018564260627851326,5.51223498068687e-07,0.9603604367864075
P15-2130,0.0,0.0,1.9361263126072004e-07,4.320199066265573e-07,0.99265347223527
P06-2064,0.0,0.0,0.0,5.51223498068687e-07,0.9996929481000866
N18-1037,0.0,1.0,1.0,0.0,3.128162811005808e-07
W19-4809,0.0,0.0,0.0,6.704270752999619e-07,1.0
N18-1021,0.0,0.0,1.0,0.0,0.0
W13-2240,0.0,0.0,0.9998764455634782,1.0,0.0
W14-5306,0.0,0.0,0.0,1.9361263126072004e-07,1.0
N13-1036,1.0,0.0,0.0,0.0,0.0
X93-1021,1.0,0.0,3.128162811005808e-07,1.9361263126072004e-07,0.0
L16-1386,0.0,0.0,1.0,0.0,0.0
W17-4407,0.0,0.0,1.9361263126072004e-07,1.9361263126072004e-07,0.8933060550529925
C18-2019,0.0,5.7961679021945045e-06,0.0,9.088342269869543e-07,1.0
W04-1116,0.0,0.0,3.128162811005808e-07,0.0,1.0
J13-2002,0.0,0.0,0.0,9.088342269869543e-07,1.0
2022.naacl-main.208,0.0,0.0,0.0,0.0,1.0
E03-1085,0.0,0.0,1.0,0.0,4.320199066265573e-07
P08-1105,0.0,0.0,1.0,0.0,4.320199066265573e-07
P16-1118,0.0,0.0,0.0,1.9361263126072004e-07,1.0
Q17-1025,0.0,0.0,0.0,3.128162811005808e-07,1.0
C12-2045,0.0,0.0,1.0,0.0,0.0
2021.emnlp-main.822,0.0,0.0,0.30134704648184607,0.7490747954775298,0.0
2022.socialnlp-1.5,0.0,0.0,0.0,1.9361263126072004e-07,1.0
W07-1801,0.0,0.0,1.0,1.9361263126072004e-07,0.0
E17-4004,0.0,0.0,0.0,3.128162811005808e-07,1.0
K17-1032,0.0,0.0,0.0,4.320199066265573e-07,1.0
Y99-1023,0.0,0.0,1.9361263126072004e-07,0.0,1.0
L18-1473,0.0,0.0,1.0,0.9999998063873687,0.0
2022.acl-short.39,1.0,0.0,1.0,0.0,0.0
D12-1040,0.0,0.0,1.0,0.0,0.0
W13-5507,0.0,0.0,1.0,6.704270752999619e-07,0.0
P90-1026,0.0,0.0,0.0,4.320199066265573e-07,1.0
D19-5805,0.0,0.0,1.0,1.9361263126072004e-07,0.0
W06-0133,0.0,0.0,0.0,4.320199066265573e-07,1.0
R09-1025,0.0,0.0,0.0,0.0,0.9989001598679974
W07-1010,0.0,0.0,1.0,0.0,0.0
N16-1107,0.0,0.0,1.0,0.0,0.0
H01-1031,1.0,0.0,0.0,0.0,0.0
L18-1218,0.0,0.0,1.0,0.0,0.0
S17-2083,3.128162811005808e-07,0.0,1.0,1.0,0.0
W97-0306,0.0,0.0,0.0,0.0,1.0
P07-1064,0.0,1.0,1.0,0.0,3.128162811005808e-07
W18-0620,0.0,0.0,1.9361263126072004e-07,0.0,0.9046404835093225
D14-1169,0.0,0.0,0.0,0.0,0.9999809723900273
2021.naacl-main.23,0.0,1.0,0.0,1.9361263126072004e-07,0.0
S07-1038,0.0,0.0,1.0,0.0,7.896306882804183e-07
L18-1003,0.0,0.0,0.0,0.0,1.0
2020.acl-main.365,0.0,0.0,1.0,0.0,0.0
C16-1318,0.0,1.0,0.9999998063873687,0.0,4.320199066265573e-07
W15-4638,0.0,0.0,1.0,0.0,1.9361263126072004e-07
P17-1077,0.0,0.0,0.0,1.9361263126072004e-07,0.7662551811944442
2020.emnlp-main.316,0.0,0.0,0.9999981375378344,1.0,0.0
D18-1315,0.0,0.0,1.9361263126072004e-07,1.0,4.320199066265573e-07
N09-3009,0.0,0.0,1.0,0.0,0.0
P13-1025,0.9999998063873687,1.0,0.9999987335551019,0.9999996871837189,0.0
2021.emnlp-main.269,0.0,0.0,0.9999995679800934,0.0,0.0
D15-1030,0.0,0.0,1.0,0.0,0.0
W10-0731,5.20015297911236e-06,1.9361263126072004e-07,1.0,0.0,0.0
D09-1025,0.0,0.0,1.9361263126072004e-07,0.0,1.0
R15-1010,0.0,0.0,1.9361263126072004e-07,3.128162811005808e-07,1.0
2007.tmi-papers.8,1.9361263126072004e-07,0.0,0.0,5.51223498068687e-07,1.0
P19-1468,0.0,1.0,1.0,3.128162811005808e-07,3.128162811005808e-07
2021.paclic-1.63,1.9361263126072004e-07,0.0,0.0,0.0,1.0
I11-1027,0.0,0.0,1.9361263126072004e-07,3.128162811005808e-07,1.0
D10-1068,0.0,0.0,3.128162811005808e-07,0.0,1.0
W06-0502,0.0,0.0,1.9361263126072004e-07,0.0,0.9998540382934465
W15-0513,0.0,0.0,0.0,1.0,0.0
D07-1050,0.0,0.0,1.9361263126072004e-07,0.0,0.9875615199142485
W12-2801,0.0,0.0,1.0,0.0,0.0
W09-2106,0.0,0.0,1.0,1.9361263126072004e-07,0.0
2021.nuse-1.3,0.0,0.0,0.0,1.3856483399576902e-06,1.0
2020.lrec-1.472,0.0,0.0,0.0,1.9361263126072004e-07,1.0
D10-1013,0.0,0.0,1.0,0.0,0.0
W16-3604,0.0,0.0,1.0,0.0,0.0
W19-5054,0.0,0.0,1.0,1.9361263126072004e-07,0.0
2021.woah-1.21,0.0,0.0,0.0,0.0,1.0
2021.ranlp-1.102,0.0,0.0,1.9361263126072004e-07,1.9361263126072004e-07,1.0
P16-2041,0.0,0.0,1.0,1.9361263126072004e-07,0.0
D14-1016,0.0,0.0,1.0,1.9361263126072004e-07,0.0
W15-4655,0.0,1.0,0.9553183149064718,0.9999992103693117,0.0
W05-1106,0.0,1.0,0.03846687868393861,1.9361263126072004e-07,0.0
2021.emnlp-main.654,0.0,0.0,0.0,0.0,0.9986717149525454
P15-1141,0.0,1.0,1.0,3.128162811005808e-07,0.0
W19-1410,0.0,0.0,0.0,0.0,1.0
2020.lrec-1.130,0.0,0.0,1.0,0.0,0.0
N13-2006,0.0,0.0,1.0,0.0,1.9361263126072004e-07
2020.lrec-1.52,0.0,0.0,0.0,3.128162811005808e-07,1.0
L18-1490,0.0,0.0,1.9361263126072004e-07,0.0,0.999738221619941
1999.tc-1.13,0.0,1.0,1.9361263126072004e-07,4.320199066265573e-07,6.704270752999619e-07
S12-1049,0.0,0.0,1.0,1.9361263126072004e-07,0.0
W15-1103,1.0,0.0,1.3856483399576902e-06,0.0,1.9361263126072004e-07
L18-1214,0.0,1.1517894668577888e-05,0.002551121145421331,6.704270752999619e-07,0.3140510699371414
R13-1066,0.0,0.0,0.0,0.0,1.0
2020.coling-main.514,0.0,0.0,1.0,0.0,0.0
2020.lrec-1.872,0.0,0.0,1.0,1.9361263126072004e-07,0.0
